Workbook
Name SegmentaciónDeDatos_Mes1: #N/A
Name SegmentaciónDeDatos_Unidad_Organizativa: #N/A

Sheet Presupuesto Anual
A1: Unidad Organizativa | B1: Año | C1: Escenario | D1: Mes | E1: Monto
A2: Cañaverales Mexicanos | B2: 2025 | C2: Real | D2: Enero | E2: 3607199.8
A3: Cañaverales Mexicanos | B3: 2026 | C3: Plan | D3: Enero | E3: 5905925
A4: Cañaverales Mexicanos | B4: 2026 | C4: Real | D4: Enero | E4: 4160218
A5: Cañaverales Mexicanos | B5: 2025 | C5: Real | D5: Febrero | E5: 3357703
A6: Cañaverales Mexicanos | B6: 2026 | C6: Plan | D6: Febrero | E6: 5370722
A7: Cañaverales Mexicanos | B7: 2026 | C7: Real | D7: Febrero | E7: 4577412.2
A8: Cañaverales Mexicanos | B8: 2025 | C8: Real | D8: Marzo | E8: 3763070.3
A9: Cañaverales Mexicanos | B9: 2026 | C9: Plan | D9: Marzo | E9: 5789408
A10: Cañaverales Mexicanos | B10: 2026 | C10: Real | D10: Marzo | E10: 4769875.8
A11: Cañaverales Mexicanos | B11: 2025 | C11: Real | D11: Abril | E11: 3980928.5
A12: Cañaverales Mexicanos | B12: 2026 | C12: Plan | D12: Abril | E12: 5596513
A13: Cañaverales Mexicanos | B13: 2026 | C13: Real | D13: Abril
A14: Cañaverales Mexicanos | B14: 2025 | C14: Real | D14: Mayo | E14: 4523879.6
A15: Cañaverales Mexicanos | B15: 2026 | C15: Plan | D15: Mayo | E15: 3798934
A16: Cañaverales Mexicanos | B16: 2026 | C16: Real | D16: Mayo
A17: Cañaverales Mexicanos | B17: 2025 | C17: Real | D17: Junio | E17: 2745004.4
A18: Cañaverales Mexicanos | B18: 2026 | C18: Plan | D18: Junio | E18: 3159916
A19: Cañaverales Mexicanos | B19: 2026 | C19: Real | D19: Junio
A20: Cañaverales Mexicanos | B20: 2025 | C20: Real | D20: Julio | E20: 2940007
A21: Cañaverales Mexicanos | B21: 2026 | C21: Plan | D21: Julio | E21: 2945542
A22: Cañaverales Mexicanos | B22: 2026 | C22: Real | D22: Julio
A23: Cañaverales Mexicanos | B23: 2025 | C23: Real | D23: Agosto | E23: 2594544.9
A24: Cañaverales Mexicanos | B24: 2026 | C24: Plan | D24: Agosto | E24: 2905775
A25: Cañaverales Mexicanos | B25: 2026 | C25: Real | D25: Agosto
A26: Cañaverales Mexicanos | B26: 2025 | C26: Real | D26: Septiembre | E26: 2645532.6
A27: Cañaverales Mexicanos | B27: 2026 | C27: Plan | D27: Septiembre | E27: 2776535
A28: Cañaverales Mexicanos | B28: 2026 | C28: Real | D28: Septiembre
A29: Cañaverales Mexicanos | B29: 2025 | C29: Real | D29: Octubre | E29: 3195507.2
A30: Cañaverales Mexicanos | B30: 2026 | C30: Plan | D30: Octubre | E30: 2808591
A31: Cañaverales Mexicanos | B31: 2026 | C31: Real | D31: Octubre
A32: Cañaverales Mexicanos | B32: 2025 | C32: Real | D32: Noviembre | E32: 2578258.6
A33: Cañaverales Mexicanos | B33: 2026 | C33: Plan | D33: Noviembre | E33: 3007678
A34: Cañaverales Mexicanos | B34: 2026 | C34: Real | D34: Noviembre
A35: Cañaverales Mexicanos | B35: 2025 | C35: Real | D35: Diciembre | E35: 2583031.1
A36: Cañaverales Mexicanos | B36: 2026 | C36: Plan | D36: Diciembre | E36: 5781158
A37: Cañaverales Mexicanos | B37: 2026 | C37: Real | D37: Diciembre
A38: Excelencia Zona Chiapas | B38: 2026 | C38: Plan | D38: Enero | E38: 5858754.7
A39: Excelencia Zona Chiapas | B39: 2026 | C39: Real | D39: Enero | E39: 4023683.5
A40: Excelencia Zona Chiapas | B40: 2025 | C40: Real | D40: Enero | E40: 4710916.4
A41: Excelencia Zona Chiapas | B41: 2026 | C41: Plan | D41: Febrero | E41: 5255286.8
A42: Excelencia Zona Chiapas | B42: 2026 | C42: Real | D42: Febrero | E42: 4002246.8
A43: Excelencia Zona Chiapas | B43: 2025 | C43: Real | D43: Febrero | E43: 4046755.3
A44: Excelencia Zona Chiapas | B44: 2026 | C44: Plan | D44: Marzo | E44: 5858754.7
A45: Excelencia Zona Chiapas | B45: 2026 | C45: Real | D45: Marzo
A46: Excelencia Zona Chiapas | B46: 2025 | C46: Real | D46: Marzo | E46: 4235969.5
A47: Excelencia Zona Chiapas | B47: 2026 | C47: Plan | D47: Abril | E47: 5640947.5
A48: Excelencia Zona Chiapas | B48: 2026 | C48: Real | D48: Abril
A49: Excelencia Zona Chiapas | B49: 2025 | C49: Real | D49: Abril | E49: 4335717.9
A50: Excelencia Zona Chiapas | B50: 2026 | C50: Plan | D50: Mayo | E50: 5516001.3
A51: Excelencia Zona Chiapas | B51: 2026 | C51: Real | D51: Mayo
A52: Excelencia Zona Chiapas | B52: 2025 | C52: Real | D52: Mayo | E52: 4757158.2
A53: Excelencia Zona Chiapas | B53: 2026 | C53: Plan | D53: Junio | E53: 3406275.8
A54: Excelencia Zona Chiapas | B54: 2026 | C54: Real | D54: Junio
A55: Excelencia Zona Chiapas | B55: 2025 | C55: Real | D55: Junio | E55: 3334202
A56: Excelencia Zona Chiapas | B56: 2026 | C56: Plan | D56: Julio | E56: 3702097.1
A57: Excelencia Zona Chiapas | B57: 2026 | C57: Real | D57: Julio
A58: Excelencia Zona Chiapas | B58: 2025 | C58: Real | D58: Julio | E58: 3807857.6
A59: Excelencia Zona Chiapas | B59: 2026 | C59: Plan | D59: Agosto | E59: 3302285.9
A60: Excelencia Zona Chiapas | B60: 2026 | C60: Real | D60: Agosto
A61: Excelencia Zona Chiapas | B61: 2025 | C61: Real | D61: Agosto | E61: 2966910
A62: Excelencia Zona Chiapas | B62: 2026 | C62: Plan | D62: Septiembre | E62: 3064236
A63: Excelencia Zona Chiapas | B63: 2026 | C63: Real | D63: Septiembre
A64: Excelencia Zona Chiapas | B64: 2025 | C64: Real | D64: Septiembre | E64: 2748016
A65: Excelencia Zona Chiapas | B65: 2026 | C65: Plan | D65: Octubre | E65: 3048751
A66: Excelencia Zona Chiapas | B66: 2026 | C66: Real | D66: Octubre
A67: Excelencia Zona Chiapas | B67: 2025 | C67: Real | D67: Octubre | E67: 2685608.8
A68: Excelencia Zona Chiapas | B68: 2026 | C68: Plan | D68: Noviembre | E68: 4438293
A69: Excelencia Zona Chiapas | B69: 2026 | C69: Real | D69: Noviembre
A70: Excelencia Zona Chiapas | B70: 2025 | C70: Real | D70: Noviembre | E70: 1998333.1
A71: Excelencia Zona Chiapas | B71: 2026 | C71: Plan | D71: Diciembre | E71: 5038816.2
A72: Excelencia Zona Chiapas | B72: 2026 | C72: Real | D72: Diciembre
A73: Excelencia Zona Chiapas | B73: 2025 | C73: Real | D73: Diciembre | E73: 2846170.9
A74: Excelencia Zona Veracruz | B74: 2025 | C74: Real | D74: Enero | E74: 1475128.9
A75: Excelencia Zona Veracruz | B75: 2026 | C75: Plan | D75: Enero | E75: 1922414
A76: Excelencia Zona Veracruz | B76: 2026 | C76: Real | D76: Enero | E76: 1221260.1
A77: Excelencia Zona Veracruz | B77: 2025 | C77: Real | D77: Febrero | E77: 1282644
A78: Excelencia Zona Veracruz | B78: 2026 | C78: Plan | D78: Febrero | E78: 1901092
A79: Excelencia Zona Veracruz | B79: 2026 | C79: Real | D79: Febrero | E79: 1314436
A80: Excelencia Zona Veracruz | B80: 2025 | C80: Real | D80: Marzo | E80: 1404391.4
A81: Excelencia Zona Veracruz | B81: 2026 | C81: Plan | D81: Marzo | E81: 2116470
A82: Excelencia Zona Veracruz | B82: 2026 | C82: Real | D82: Marzo | E82: 1475048.2
A83: Excelencia Zona Veracruz | B83: 2025 | C83: Real | D83: Abril | E83: 1506428.7
A84: Excelencia Zona Veracruz | B84: 2026 | C84: Plan | D84: Abril | E84: 2041821
A85: Excelencia Zona Veracruz | B85: 2026 | C85: Real | D85: Abril
A86: Excelencia Zona Veracruz | B86: 2025 | C86: Real | D86: Mayo | E86: 1796601.6
A87: Excelencia Zona Veracruz | B87: 2026 | C87: Plan | D87: Mayo | E87: 2107918
A88: Excelencia Zona Veracruz | B88: 2026 | C88: Real | D88: Mayo
A89: Excelencia Zona Veracruz | B89: 2025 | C89: Real | D89: Junio | E89: 1350865
A90: Excelencia Zona Veracruz | B90: 2026 | C90: Plan | D90: Junio | E90: 1859459
A91: Excelencia Zona Veracruz | B91: 2026 | C91: Real | D91: Junio
A92: Excelencia Zona Veracruz | B92: 2025 | C92: Real | D92: Julio | E92: 1351927.4
A93: Excelencia Zona Veracruz | B93: 2026 | C93: Plan | D93: Julio | E93: 1716089
A94: Excelencia Zona Veracruz | B94: 2026 | C94: Real | D94: Julio
A95: Excelencia Zona Veracruz | B95: 2025 | C95: Real | D95: Agosto | E95: 1179118.5
A96: Excelencia Zona Veracruz | B96: 2026 | C96: Plan | D96: Agosto | E96: 1677671
A97: Excelencia Zona Veracruz | B97: 2026 | C97: Real | D97: Agosto
A98: Excelencia Zona Veracruz | B98: 2025 | C98: Real | D98: Septiembre | E98: 1086631.6
A99: Excelencia Zona Veracruz | B99: 2026 | C99: Plan | D99: Septiembre | E99: 1420890
A100: Excelencia Zona Veracruz | B100: 2026 | C100: Real | D100: Septiembre
...

Sheet Analisis2
A1: Año | B1: 2026 | D1: Año | E1: 2026 | G1: Año | H1: 2026 | J1: Año | K1: 2026 | M1: Año | N1: 2025 | P1: Año | Q1: 2026 | S1: Año | T1: 2025
A2: Escenario | B2: Plan | D2: Escenario | E2: Real | G2: Escenario | H2: Plan | J2: Escenario | K2: Real | M2: Escenario | N2: Real | P2: Escenario | Q2: Real | S2: Escenario | T2: Real
A4: Etiquetas de fila | B4: Suma de Monto | D4: Etiquetas de fila | E4: Suma de Monto | G4: Etiquetas de fila | H4: Suma de Monto | J4: Etiquetas de fila | K4: Suma de Monto | M4: Etiquetas de fila | N4: Suma de Monto | P4: Etiquetas de fila | Q4: Suma de Monto | S4: Etiquetas de fila | T4: Suma de Monto
A5: Excelencia Zona Veracruz | B5: 2116470 | D5: Excelencia Zona Veracruz | E5: 1475048.2 | G5: Enero | H5: 1922414 | J5: Enero | K5: 1221260.1 | M5: Enero | N5: 1475128.9 | P5: Marzo | Q5: 1475048.2 | S5: Marzo | T5: 1404391.4
A6: Total general | B6: 2116470 | D6: Total general | E6: 1475048.2 | G6: Febrero | H6: 1901092 | J6: Febrero | K6: 1314436 | M6: Febrero | N6: 1282644 | P6: Total general | Q6: 1475048.2 | S6: Total general | T6: 1404391.4
G7: Marzo | H7: 2116470 | J7: Marzo | K7: 1475048.2 | M7: Marzo | N7: 1404391.4
G8: Abril | H8: 2041821 | J8: Abril | M8: Abril | N8: 1506428.7
G9: Mayo | H9: 2107918 | J9: Mayo | M9: Mayo | N9: 1796601.6
G10: Junio | H10: 1859459 | J10: Junio | M10: Junio | N10: 1350865
G11: Julio | H11: 1716089 | J11: Julio | M11: Julio | N11: 1351927.4
G12: Agosto | H12: 1677671 | J12: Agosto | M12: Agosto | N12: 1179118.5
G13: Septiembre | H13: 1420890 | J13: Septiembre | M13: Septiembre | N13: 1086631.6
G14: Octubre | H14: 1346884 | J14: Octubre | M14: Octubre | N14: 1224896.2
G15: Noviembre | H15: 1489354 | J15: Noviembre | M15: Noviembre | N15: 944428.09
G16: Diciembre | H16: 1870731 | J16: Diciembre | M16: Diciembre | N16: 922559.33
G17: Total general | H17: 21470793 | J17: Total general | K17: 4010744.3 | M17: Total general | N17: 15525621

Sheet Info
B1: Plan 2026 | C1: =GETPIVOTDATA("Monto",Analisis2!$A$4) -> 2116470
B2: Real 2026 | C2: =GETPIVOTDATA("Monto",Analisis2!$D$4) -> 1475048.2
C3: =IFERROR(((C1-C2)/C1),0) -> 0.30306204 | D3: =IF(C3=0,0,1-C3) -> 0.69693796
B4: Ahorro Absoluto 2025 | C4: =C2-C1 -> -641421.7
A5: Plan 2026 | B5: Enero | C5: =_xlfn.XLOOKUP(B5,Analisis2!G:G,Analisis2!H:H,"") -> 1922414
B6: Febrero | C6: =_xlfn.XLOOKUP(B6,Analisis2!G:G,Analisis2!H:H,"") -> 1901092
B7: Marzo | C7: =_xlfn.XLOOKUP(B7,Analisis2!G:G,Analisis2!H:H,"") -> 2116470
B8: Abril | C8: =_xlfn.XLOOKUP(B8,Analisis2!G:G,Analisis2!H:H,"") -> 2041821
B9: Mayo | C9: =_xlfn.XLOOKUP(B9,Analisis2!G:G,Analisis2!H:H,"") -> 2107918
B10: Junio | C10: =_xlfn.XLOOKUP(B10,Analisis2!G:G,Analisis2!H:H,"") -> 1859459
B11: Julio | C11: =_xlfn.XLOOKUP(B11,Analisis2!G:G,Analisis2!H:H,"") -> 1716089
B12: Agosto | C12: =_xlfn.XLOOKUP(B12,Analisis2!G:G,Analisis2!H:H,"") -> 1677671
B13: Septiembre | C13: =_xlfn.XLOOKUP(B13,Analisis2!G:G,Analisis2!H:H,"") -> 1420890
B14: Octubre | C14: =_xlfn.XLOOKUP(B14,Analisis2!G:G,Analisis2!H:H,"") -> 1346884
B15: Noviembre | C15: =_xlfn.XLOOKUP(B15,Analisis2!G:G,Analisis2!H:H,"") -> 1489354
B16: Diciembre | C16: =_xlfn.XLOOKUP(B16,Analisis2!G:G,Analisis2!H:H,"") -> 1870731
A17: Real 2026 | B17: Enero | C17: =_xlfn.XLOOKUP(B17,Analisis2!J:J,Analisis2!K:K,"") -> 1221260.1
B18: Febrero | C18: =_xlfn.XLOOKUP(B18,Analisis2!J:J,Analisis2!K:K,"") -> 1314436
B19: Marzo | C19: =_xlfn.XLOOKUP(B19,Analisis2!J:J,Analisis2!K:K,"") -> 1475048.2
B20: Abril | C20: =_xlfn.XLOOKUP(B20,Analisis2!J:J,Analisis2!K:K,"") -> 0
B21: Mayo | C21: =_xlfn.XLOOKUP(B21,Analisis2!J:J,Analisis2!K:K,"") -> 0
B22: Junio | C22: =_xlfn.XLOOKUP(B22,Analisis2!J:J,Analisis2!K:K,"") -> 0
B23: Julio | C23: =_xlfn.XLOOKUP(B23,Analisis2!J:J,Analisis2!K:K,"") -> 0
B24: Agosto | C24: =_xlfn.XLOOKUP(B24,Analisis2!J:J,Analisis2!K:K,"") -> 0
B25: Septiembre | C25: =_xlfn.XLOOKUP(B25,Analisis2!J:J,Analisis2!K:K,"") -> 0
B26: Octubre | C26: =_xlfn.XLOOKUP(B26,Analisis2!J:J,Analisis2!K:K,"") -> 0
B27: Noviembre | C27: =_xlfn.XLOOKUP(B27,Analisis2!J:J,Analisis2!K:K,"") -> 0
B28: Diciembre | C28: =_xlfn.XLOOKUP(B28,Analisis2!J:J,Analisis2!K:K,"") -> 0
A29: Ahorro/Sobre Gasto | B29: Enero | C29: =IF(C17=0,0,C17-C5) -> -701153.9
B30: Febrero | C30: =IF(C18=0,0,C18-C6) -> -586656.04
B31: Marzo | C31: =IF(C19=0,0,C19-C7) -> -641421.7
B32: Abril | C32: =IF(C20=0,0,C20-C8) -> 0
B33: Mayo | C33: =IF(C21=0,0,C21-C9) -> 0
B34: Junio | C34: =IF(C22=0,0,C22-C10) -> 0
B35: Julio | C35: =IF(C23=0,0,C23-C11) -> 0
B36: Agosto | C36: =IF(C24=0,0,C24-C12) -> 0
B37: Septiembre | C37: =IF(C25=0,0,C25-C13) -> 0
B38: Octubre | C38: =IF(C26=0,0,C26-C14) -> 0
B39: Noviembre | C39: =IF(C27=0,0,C27-C15) -> 0
B40: Diciembre | C40: =IF(C28=0,0,C28-C16) -> 0
B41: Mes con mayor ahorro 2026 | C41: =INDEX(B29:B40,MATCH(MIN(C29:C40),C29:C40,0)) -> Enero
B42: Mes con mayor ahorro 2026 | C42: =MIN(C29:C40) -> -701153.9
B43: Mes con mayor sobregasto 2026 | C43: =INDEX(B29:B40,MATCH(MAX(C29:C40),C29:C40,0)) -> Abril
B44: Mes con mayor sobregasto 2026 | C44: =MAX(C29:C40) -> 0
B45: Ahorro / Sobre‑gasto | C45: =C2-C1 -> -641421.7
A46: Real 2025 | B46: Enero | C46: =_xlfn.XLOOKUP(B46,Analisis2!M:M,Analisis2!N:N,"") -> 1475128.9
B47: Febrero | C47: =_xlfn.XLOOKUP(B47,Analisis2!M:M,Analisis2!N:N,"") -> 1282644
B48: Marzo | C48: =_xlfn.XLOOKUP(B48,Analisis2!M:M,Analisis2!N:N,"") -> 1404391.4
B49: Abril | C49: =_xlfn.XLOOKUP(B49,Analisis2!M:M,Analisis2!N:N,"") -> 1506428.7
B50: Mayo | C50: =_xlfn.XLOOKUP(B50,Analisis2!M:M,Analisis2!N:N,"") -> 1796601.6
B51: Junio | C51: =_xlfn.XLOOKUP(B51,Analisis2!M:M,Analisis2!N:N,"") -> 1350865
B52: Julio | C52: =_xlfn.XLOOKUP(B52,Analisis2!M:M,Analisis2!N:N,"") -> 1351927.4
B53: Agosto | C53: =_xlfn.XLOOKUP(B53,Analisis2!M:M,Analisis2!N:N,"") -> 1179118.5
B54: Septiembre | C54: =_xlfn.XLOOKUP(B54,Analisis2!M:M,Analisis2!N:N,"") -> 1086631.6
B55: Octubre | C55: =_xlfn.XLOOKUP(B55,Analisis2!M:M,Analisis2!N:N,"") -> 1224896.2
B56: Noviembre | C56: =_xlfn.XLOOKUP(B56,Analisis2!M:M,Analisis2!N:N,"") -> 944428.09
B57: Diciembre | C57: =_xlfn.XLOOKUP(B57,Analisis2!M:M,Analisis2!N:N,"") -> 922559.33
B58: Real 2025 | C58: =GETPIVOTDATA("Monto",Analisis2!$M$4) -> 15525621
B59: Variación Real 2026 vs Real 2025 | C59: =((C74-C75)/C75) -> 0.050311329 | D59: =1-C59 -> 0.94968867
B60: Variación Real 2026 vs Real 2025 | C60: =C74-C75 -> 70656.8
B61: Real 2026 | C61: Real 2025
A62: Enero | B62: =C17 -> 1221260.1 | C62: =C46 -> 1475128.9
A63: Febrero | B63: =C18 -> 1314436 | C63: =C47 -> 1282644
A64: Marzo | B64: =C19 -> 1475048.2 | C64: =C48 -> 1404391.4
A65: Abril | B65: =C20 -> 0 | C65: =C49 -> 1506428.7
A66: Mayo | B66: =C21 -> 0 | C66: =C50 -> 1796601.6
A67: Junio | B67: =C22 -> 0 | C67: =C51 -> 1350865
A68: Julio | B68: =C23 -> 0 | C68: =C52 -> 1351927.4
A69: Agosto | B69: =C24 -> 0 | C69: =C53 -> 1179118.5
A70: Septiembre | B70: =C25 -> 0 | C70: =C54 -> 1086631.6
A71: Octubre | B71: =C26 -> 0 | C71: =C55 -> 1224896.2
A72: Noviembre | B72: =C27 -> 0 | C72: =C56 -> 944428.09
A73: Diciembre | B73: =C28 -> 0 | C73: =C57 -> 922559.33
B74: Real 2026 | C74: =GETPIVOTDATA("Monto",Analisis2!$P$4) -> 1475048.2
B75: Real 2025 | C75: =GETPIVOTDATA("Monto",Analisis2!$S$4) -> 1404391.4

Sheet DashBoard
